"number","id","title","category","canon_requirement","system_dependencies","wave","owner_role","wiring","acceptance","integration_gates","producer_evidence","test_evidence"
"1","the-brown-auric-peach","The Brown Auric Peach","Progressing through [[Ages]]","Survive through [[Ages]] 0","Existing producer; U01 revalidation","U01","Age/canon/achievements","predicate-wired","fresh-gameplay-evidence-pending","D01-D03; U00","AgeProgression.Pass -> AgeSurvived(0), source age-passed:<ageId>:<pass>, reported after Begin(next)","AchievementTests; GenesisLoopTests/GenesisLoopPlayTests (Age 0 -> Renewal); AchievementContractTests (award/interrupt/reload); AchievementRegisterTests"
"2","it-s-the-moths-the-moths","It's the Moths! The Moths!","Progressing through [[Ages]]","Survive through [[Ages]] I","Existing producer; U01 revalidation","U01","Age/canon/achievements","predicate-wired","fresh-gameplay-evidence-pending","D01-D03; U00","AgeProgression.Pass -> AgeSurvived(1), source age-passed:<ageId>:<pass>","AchievementTests; GenesisLoopTests (Renewal -> placeholder II); AchievementContractTests (award/interrupt/reload); AchievementRegisterTests"
"3","you-too-deserve-the-purest-of-love","You, too, deserve the Purest of Love","Progressing through [[Ages]]","Survive through [[Ages]] II","S02, S23","U06","narrative/campaign/persistence","planned","fresh-gameplay-evidence-pending","D04-D08/D11/D12 as applicable; incremental campaign acceptance","",""
"4","the-law-of-relics","The Law of Relics","Progressing through [[Ages]]","Survive through [[Ages]] III","S02, S23","U06","narrative/campaign/persistence","planned","fresh-gameplay-evidence-pending","D04-D08/D11/D12 as applicable; incremental campaign acceptance","",""
"5","throne-of-atonalis","Throne of Atonalis","Progressing through [[Ages]]","Survive through [[Ages]] IV","S02, S04, S21","U06","narrative/campaign/persistence","planned","fresh-gameplay-evidence-pending","D04-D08/D11/D12 as applicable; incremental campaign acceptance","",""
"6","a-world-broken-by-a-holy-war","A World Broken by a Holy War","Progressing through [[Ages]]","Survive through [[Ages]] V","S02, S23","U06","narrative/campaign/persistence","planned","fresh-gameplay-evidence-pending","D04-D08/D11/D12 as applicable; incremental campaign acceptance","",""
"7","behold-the-master-key","Behold The Master-Key!","Progressing through [[Ages]]","Survive through [[Ages]] VI","S02, S04","U06","narrative/campaign/persistence","planned","fresh-gameplay-evidence-pending","D04-D08/D11/D12 as applicable; incremental campaign acceptance","",""
"8","0-x-4-x-7","0 x 4 x 7","Progressing through [[Ages]]","Fail in the [[Cataclysmic Aftermath]] of [[Ages]] VI","S04, S05","U06","narrative/campaign/persistence","planned","fresh-gameplay-evidence-pending","D04-D08/D11/D12 as applicable; incremental campaign acceptance","",""
"9","3-x-4-x-0","3 x 4 x 0","Progressing through [[Ages]]","Fail in the [[Cataclysmic Aftermath]] of [[Ages]] XI","S04, S05","U06","narrative/campaign/persistence","planned","fresh-gameplay-evidence-pending","D04-D08/D11/D12 as applicable; incremental campaign acceptance","",""
"10","3-x-0-x-7","3 x 0 x 7","Progressing through [[Ages]]","Fail in the [[Cataclysmic Aftermath]] of [[Ages]] XIII","S04, S05","U06","narrative/campaign/persistence","planned","fresh-gameplay-evidence-pending","D04-D08/D11/D12 as applicable; incremental campaign acceptance","",""
"11","metanoia","Metanoia","Progressing through [[Ages]]","Enter a [[Golden Age]] for the first time","S03","U01","Age/canon/achievements","planned","fresh-gameplay-evidence-pending","D01-D03; U00","",""
"12","anagnorisis","Anagnorisis","Progressing through [[Ages]]","Enter a [[Dark Age]] for the first time","S03","U01","Age/canon/achievements","planned","fresh-gameplay-evidence-pending","D01-D03; U00","",""
"13","the-darkest-hour","The Darkest Hour","Progressing through [[Ages]]","Enter a Requiem [[Dark Age]] as a result of achieving a [[Dark Age]] immediately after a [[Golden Age]]","S03","U01","Age/canon/achievements","planned","fresh-gameplay-evidence-pending","D01-D03; U00","",""
"14","ignis-aurum-probat","Ignis Aurum Probat","Progressing through [[Ages]]","Enter a Cadenza [[Golden Age]] as a result of achieving a [[Golden Age]] immediately after a [[Dark Age]]","S03","U01","Age/canon/achievements","planned","fresh-gameplay-evidence-pending","D01-D03; U00","",""
"15","the-strauss-howe-prophecy","The Strauss-Howe Prophecy","Progressing through [[Ages]]","Experience all types of [[Ages]]: [[Classical Age]], [[Dark Age]], [[Golden Age]], Requiem [[Dark Age]], Cadenza [[Golden Age]]","S03","U01","Age/canon/achievements","planned","fresh-gameplay-evidence-pending","D01-D03; U00","",""
"16","welcome-to-arcanoria","Welcome to Arcanoria","Progressing through [[Ages]]","Reach the end of the [[Second Reset]] and start a [[Civilization]] in the [[Third Reset]]","S05, S01","U06","narrative/campaign/persistence","planned","fresh-gameplay-evidence-pending","D04-D08/D11/D12 as applicable; incremental campaign acceptance","",""
"17","an-eccentric-madman","An Eccentric Madman","[[Ballad]]s","Meet [[The White-Touched Archivist]]","Existing producer; U01 revalidation","U01","Age/canon/achievements","predicate-wired","fresh-gameplay-evidence-pending","D01-D03; U00","LibraryWindow.Show (first open) -> LibraryOpened, source library:opened","AchievementTests.Rules_LibraryAndDeathLedger; AchievementContractTests (award/interrupt/reload); AchievementRegisterTests"
"18","goodbye-mother","Goodbye, Mother","[[Ballad]]s","Finish the [[Ballad]] of [[Eyras]] and [[The Cradle of Echoes]]","S15, S20, S21","U06","narrative/campaign/persistence","planned","fresh-gameplay-evidence-pending","D04-D08/D11/D12 as applicable; incremental campaign acceptance","",""
"19","released-into-stardust","Released into Stardust","[[Stellar Legacy Score]]","Liberate a [[Constellation]] into [[The Eternal Symphony]]","S12","U03","legends/legacy","planned","fresh-gameplay-evidence-pending","D08; U00; U01 availability","",""
"20","bundle-of-joy","Bundle of Joy","[[Stellar Legacy Score]]","Develop a [[Legend]] that has Three Maladaptive or Toxic Middle [[Legend Trait]]s","S13","U03","legends/legacy","planned","fresh-gameplay-evidence-pending","D08; U00; U01 availability","",""
"21","alchemical-pelican","Alchemical Pelican","[[Stellar Legacy Score]]","Witness the [[Motif Awakening]] of a [[Legend]] to any [[Ornament]]","Existing producer; U01 revalidation","U01","Age/canon/achievements","predicate-wired","fresh-gameplay-evidence-pending","D01-D03; U00","LegendProgress.Apply (SoulEvent.Awakened) -> MotifAwakened(ornament), subject legend name","LegendSoulTests.Achievements_SpiralingMotifAwakeningsAndTheAbyssAreEarned; AchievementContractTests.Capabilities_* (Age 0 allowed, D13)"
"22","you-are-filled-with-determination","You Are Filled With Determination","[[Stellar Legacy Score]]","Witness a [[Legend]] recover from Spiraling [[Composure]] and as result evolve one of their [[Legend Trait]]s alongside a new [[Motif Awakening]]","Existing producer; U01 revalidation","U01","Age/canon/achievements","predicate-wired","fresh-gameplay-evidence-pending","D01-D03; U00","LegendProgress.Apply (SoulEvent.Awakened, afterSpiraling && Evolved) -> MotifAwakened(flag), subject legend name","LegendSoulTests.Achievements_SpiralingMotifAwakeningsAndTheAbyssAreEarned"
"23","the-cave-s-exit","The Cave's Exit","[[Stellar Legacy Score]]","Witness any [[Legend]] share a [[Scorching Truth]] and be rejected, imprisoned, or executed for heresy","S13, S17, S22","U05","society/history","planned","fresh-gameplay-evidence-pending","U03 legend identity; U05 heresy outcome; U06/S22 discovered-and-shared truth evidence","",""
"24","the-crux-of-nigredo","The Crux of Nigredo","[[Stellar Legacy Score]]","Witness any [[Legend]] reach the [[Catalytic Abyss of Emotion]]","Existing producer; U01 revalidation","U01","Age/canon/achievements","predicate-wired","fresh-gameplay-evidence-pending","D01-D03; U00","LegendProgress.Apply (SoulEvent.Awakened, abyss) -> CatalyticAbyss, subject legend name","LegendSoulTests.Achievements_SpiralingMotifAwakeningsAndTheAbyssAreEarned"
"25","let-s-go-to-therapy","Let's Go To Therapy!","[[Stellar Legacy Score]]","Witness any [[Legend]] reach the Spiraling [[Composure]] level","Existing producer; U01 revalidation","U01","Age/canon/achievements","predicate-wired","fresh-gameplay-evidence-pending","D01-D03; U00","LegendProgress.Apply (SoulEvent.ComposureChanged, deeper) -> ComposureFell(state), subject legend name","LegendSoulTests.Achievements_SpiralingMotifAwakeningsAndTheAbyssAreEarned"
"26","kenosis-of-a-star","Kenosis of a Star","[[Stellar Legacy Score]]","Ascend a [[Legend]] into a [[Constellation]] on the [[Stellar Legacy Score]] during an [[Age Transition]]","S12, S02","U03","legends/legacy","planned","fresh-gameplay-evidence-pending","D08; U00; U01 availability","",""
"27","a-league-of-legends","A League of Legends","[[Stellar Legacy Score]]","Fill all the slots of a [[Civilization]]'s Government Council by appointing 6 [[Legend]]s and a [[Head of State]]","Existing producer; U01 revalidation","U01","Age/canon/achievements","predicate-wired","fresh-gameplay-evidence-pending","D01-D03; U00","GovernmentLogic.NotifyCouncilChanged -> CouncilChanged(seated, head of state), source council:<seated>","AchievementTests.Rules_FullCouncilNeedsSixLegendsAndAHeadOfState"
"28","palimpsest-of-the-stars","Palimpsest of the Stars","[[Stellar Legacy Score]]","Trigger [[Mythic Drift]] for a [[Constellation]]","S12","U03","legends/legacy","planned","fresh-gameplay-evidence-pending","D08; U00; U01 availability","",""
"29","apocatastasis","Apocatastasis","[[Stellar Legacy Score]]","Use [[Myth Purification]] to cleanse the [[Mythic Drift]] of a [[Constellation]]","S12","U03","legends/legacy","planned","fresh-gameplay-evidence-pending","D08; U00; U01 availability","",""
"30","interpretatio-aeterna","Interpretatio Aeterna","[[Stellar Legacy Score]]","Use [[Syncretism]] to merge two [[Constellation]]s","S12","U03","legends/legacy","planned","fresh-gameplay-evidence-pending","D08; U00; U01 availability","",""
"31","tathagata-of-the-soul-leitmotif","Tathāgata of the Soul Leitmotif","[[Stellar Legacy Score]]","Develop a [[Legend]]'s starting Personality [[Legend Trait]] into an [[Apex Trait]]","S13","U03","legends/legacy","planned","fresh-gameplay-evidence-pending","D08; U00; U01 availability","",""
"32","the-stone-the-builders-rejected","The Stone The Builders Rejected","[[Stellar Legacy Score]]","Have an [[Underdog]] produce 3× [[Lyrical Fragment]]s on a single action","S12, S13","U06","narrative/campaign/persistence","planned","fresh-gameplay-evidence-pending","D12 stacking decision; U03 fragments plus U06 Ironman","",""
"33","despite-everything-it-s-still-you","Despite Everything, It's Still You","[[Stellar Legacy Score]]","Have an [[Underdog]] achieve the highest [[Myth Grade]] as a [[Constellation]]","S12","U03","legends/legacy","planned","fresh-gameplay-evidence-pending","D08; U00; U01 availability","",""
"34","poiesis-in-flesh","Poiēsis in Flesh","[[Stellar Legacy Score]]","Forge the [[Magnum Opus]] of a [[Legend]]","S12, S13","U03","legends/legacy","planned","fresh-gameplay-evidence-pending","D08; U00; U01 availability","",""
"35","the-thirteenth-labor","The Thirteenth Labor","[[Stellar Legacy Score]]","Forge a [[Slayer Magnum Opus]] of a [[Legend]]","S12, S20, S21","U04","combat/encounters","planned","fresh-gameplay-evidence-pending","U03 Slayer Opus recipe; U04 S20/S21 encounter evidence; D08/D10","",""
"36","the-10-001st-hour","The 10,001st Hour","[[Stellar Legacy Score]]","Have a [[Legend]] develop a 3-Star Apex [[Spellweaving]] [[Legend Trait]]","S13","U04","combat/encounters","planned","fresh-gameplay-evidence-pending","D08 mastery/Apex-star mapping; U03 traits; U04 combat deeds","",""
"37","an-infatuated-obsession","An Infatuated Obsession","[[Stellar Legacy Score]]","Witness a [[Legend Relationship]] reach the level of [[Romantic Interest]] of Infatuated for another [[Legend]] that is on the starting levels of [[Romantic Interest]].","S14","U03","legends/legacy","planned","fresh-gameplay-evidence-pending","D08; U00; U01 availability","",""
"38","the-crystal-jar","The Crystal Jar","[[Stellar Legacy Score]]","Witness a [[Legend]] be crushed by the [[Weight of Potential]]","S13, S22","U06","narrative/campaign with legends","planned","fresh-gameplay-evidence-pending","D08 Weight of Potential definition; U03 identity/lifecycle; S22 truth integration","",""
"39","aw-hell-nah","Aw.. Hell Nah","[[Stellar Legacy Score]]","Have any [[Legend]] perform any unspeakable act","S13, S17","U05","society/history","planned","fresh-gameplay-evidence-pending","D09/D10; U02 provenance; U03 identity; U04 for attacks","",""
"40","soul-leitmotif-of-civilization","Soul Leitmotif of Civilization","Culture, [[Civic]]s & [[Civilization]]","Have a fully [[Ornament]]al [[Major Settlement]]","S08, S02, S22, S20","U06","narrative/campaign/persistence","planned","fresh-gameplay-evidence-pending","The Truth plus three COMPLETE Ages; U03 legacy/U04 spell consumers; D07 continuity","",""
"41","ship-of-theseus","Ship of Theseus","Culture, [[Civic]]s & [[Civilization]]","Have none of your original starting [[Civic]]s","S16","U05","society/history","planned","fresh-gameplay-evidence-pending","D09/D10; U02 provenance; U03 identity; U04 for attacks","",""
"42","digestive-rebirth","Digestive Rebirth","Culture, [[Civic]]s & [[Civilization]]","Reform a culture or adopt a [[Civic]] from the ruins of a fallen settlement","S08, S16","U02","world/civilization","planned","fresh-gameplay-evidence-pending","U02 ruin/civic provenance; U05/S16 adoption/reform commit","",""
"43","static-criticality","Static Criticality","Culture, [[Civic]]s & [[Civilization]]","Trigger [[Static Criticality]] due to an imbalance of the [[Dual Confluence Stream]]","S24","U05","society/history","planned","fresh-gameplay-evidence-pending","D09/D10; U02 provenance; U03 identity; U04 for attacks","",""
"44","compost-your-failures","Compost Your Failures","Culture, [[Civic]]s & [[Civilization]]","Use the [[Resonance Anchors]] unlocked by [[Achievement]]s to create permanent upgrades for [[Civilization]]","S05, S01","U06","narrative/campaign/persistence","planned","fresh-gameplay-evidence-pending","D04-D08/D11/D12 as applicable; incremental campaign acceptance","",""
"45","iron-will-fragile-world","Iron Will, Fragile World","Culture, [[Civic]]s & [[Civilization]]","Reach the end of an [[Age Crisis]] in Ironman mode","S06, S04, S01","U06","narrative/campaign/persistence","planned","fresh-gameplay-evidence-pending","D04-D08/D11/D12 as applicable; incremental campaign acceptance","",""
"46","heads-you-vanish","Heads, You Vanish","Culture, [[Civic]]s & [[Civilization]]","Fail a high-stakes decision as a Critical Failure for a luck-based challenge","Existing producer; U01 revalidation","U01","Age/canon/achievements","predicate-wired","fresh-gameplay-evidence-pending","D01-D03; U00","ChorusScreenManager (choice resolved) -> ChorusResolved, source chorus:<story knot>:<choice>; no high-stakes check yet","AchievementTests.Rules_ChorusCriticalsAndPiety"
"47","butterfly-survives-the-storm","Butterfly Survives the Storm","Culture, [[Civic]]s & [[Civilization]]","Win a high-stake decision as a Critical Success in a luck-based challenge by hitting a threshold of Forsaken with 10% or less probability of success","Existing producer; U01 revalidation","U01","Age/canon/achievements","predicate-wired","fresh-gameplay-evidence-pending","D01-D03; U00","ChorusScreenManager (choice resolved) -> ChorusResolved (CriticalSuccess at <=10%), source chorus:<story knot>:<choice>","AchievementTests.Rules_ChorusCriticalsAndPiety"
"48","the-aria-was-listening-that-day","The Aria Was Listening That Day","Culture, [[Civic]]s & [[Civilization]]","Have [[Piety]] trigger the saving grace of a decision that should've failed in a luck-based challenge","Existing producer; U01 revalidation","U01","Age/canon/achievements","predicate-wired","fresh-gameplay-evidence-pending","D01-D03; U00","ChorusScreenManager (choice resolved) -> ChorusResolved (savedByRoll), source chorus:<story knot>:<choice>","AchievementTests.Rules_ChorusCriticalsAndPiety"
"49","modernity-bites-back","Modernity Bites Back","Culture, [[Civic]]s & [[Civilization]]","Hit a modernization [[World Event]] that forces reformation or syncretism of a [[Civic]] that your [[Civilization]] has held for more than two [[Ages]]","S15, S16, S02","U05","society/history","planned","fresh-gameplay-evidence-pending","D09/D10; U02 provenance; U03 identity; U04 for attacks","",""
"50","overton-s-threshold","Overton's Threshold","Culture, [[Civic]]s & [[Civilization]]","Adopt a [[Fanatical]] [[Civic]]","S16","U05","society/history","planned","fresh-gameplay-evidence-pending","D09/D10; U02 provenance; U03 identity; U04 for attacks","",""
"51","slippery-slope","Slippery Slope","Culture, [[Civic]]s & [[Civilization]]","Adopt any Cusp or [[Dissonance]] [[Civic]] beyond your initial [[Civic]]s","S16","U05","society/history","planned","fresh-gameplay-evidence-pending","D09/D10; U02 provenance; U03 identity; U04 for attacks","",""
"52","kenotaph","Kenotaph","Culture, [[Civic]]s & [[Civilization]]","Build a [[Constellation]] Monument in any [[Major Settlement]] to a [[Legend]] lost to tragedy","S08, S12","U06","narrative/campaign/persistence","planned","fresh-gameplay-evidence-pending","U03 Constellation and tragic-death provenance; U02 settlement","",""
"53","hume-s-guillotine","Hume's Guillotine","Culture, [[Civic]]s & [[Civilization]]","Justify any [[Atrocity]] in your [[Civilization]]","S17","U05","society/history","planned","fresh-gameplay-evidence-pending","D09/D10; U02 provenance; U03 identity; U04 for attacks","",""
"54","the-trolley-that-kept-moving","The Trolley That Kept Moving","Culture, [[Civic]]s & [[Civilization]]","Revise the Death Count of any official ledger in your [[Civilization]]","Existing producer; U01 revalidation","U01","Age/canon/achievements","predicate-wired","fresh-gameplay-evidence-pending","D01-D03; U00","EventSystemLogic.ApplyConsequence (DeathRecordsRevision) -> DeathLedgerRevised(change), source ledger-revision:<story knot>","AchievementTests.Rules_LibraryAndDeathLedger"
"55","people-are-never-numbers","People Are Never Numbers!","Culture, [[Civic]]s & [[Civilization]]","Reveal and condemn the historical revisionism of any [[Civilization]] that rewrote the death count of any official ledger by exposing the truth of the tragedy.","S17, S25","U05","society/history","planned","fresh-gameplay-evidence-pending","D09/D10; U02 provenance; U03 identity; U04 for attacks","",""
"56","pascal-s-compromise","Pascal's Compromise","Culture, [[Civic]]s & [[Civilization]]","Adopt a [[Religion]] with a stable [[Piety]] output without the help of [[Prophet]] [[Civic]]s","S18, S16","U05","society/history","planned","fresh-gameplay-evidence-pending","D09/D10; U02 provenance; U03 identity; U04 for attacks","",""
"57","genesis-1-5","Genesis 1:5","Culture, [[Civic]]s & [[Civilization]]","Found a [[Religion]]","S18","U05","society/history","planned","fresh-gameplay-evidence-pending","D09/D10; U02 provenance; U03 identity; U04 for attacks","",""
"58","friendship-is-magic","Friendship is Magic","Culture, [[Civic]]s & [[Civilization]]","Outlaw any branch of [[Magic Arts]] in [[Spellweaving]] to be labeled as [[Forbidden Magic]]","S19","U05","society/history","planned","fresh-gameplay-evidence-pending","D09/D10; U02 provenance; U03 identity; U04 for attacks","",""
"59","the-streisand-settlement","The Streisand Settlement","Culture, [[Civic]]s & [[Civilization]]","Cause a [[Dark Morale]] revolt from a Critical Failure of any luck-based challenge meant to cover an [[Atrocity]], a [[Scorching Truth]], or any historical revisionism.","S17 (luck challenges are built)","U05","society/history","planned","fresh-gameplay-evidence-pending","D09/D10; U02 provenance; U03 identity; U04 for attacks","",""
"60","404","404","Culture, [[Civic]]s & [[Civilization]]","Lose any settlement beyond the [[Administrative Authority]] of your borders","S08, S25","U02","world/civilization","planned","fresh-gameplay-evidence-pending","D07; U00; U01 availability","",""
"61","welcome-back-traitors","Welcome Back, Traitors","Culture, [[Civic]]s & [[Civilization]]","Reclaim a lost settlement back into your [[Civilization]]","S08, S25","U02","world/civilization","planned","fresh-gameplay-evidence-pending","D07; U00; U01 availability","",""
"62","anathema-sit","Anathema Sit!","Culture, [[Civic]]s & [[Civilization]]","Perform or receive any [[Ideological Condemnation]] regarding the [[Civic]]s of a [[Civilization]].","S16, S25","U05","society/history","planned","fresh-gameplay-evidence-pending","D09/D10; U02 provenance; U03 identity; U04 for attacks","",""
"63","santayana-s-condemnation","Santayana's Condemnation","Culture, [[Civic]]s & [[Civilization]]","Commit an [[Atrocity]] that your [[Civilization]] had previously outlawed in past [[Ages]]","S17, S02","U05","society/history","planned","fresh-gameplay-evidence-pending","D09/D10; U02 provenance; U03 identity; U04 for attacks","",""
"64","chesterton-s-atonalis","Chesterton's Atonalis","Culture, [[Civic]]s & [[Civilization]]","Legalize a branch of [[Magic Arts]] that was labeled [[Forbidden Magic]] for more than two [[Ages]], and trigger an [[Atonalis]] attack for this very reason within your borders.","S19, S21, S02","U05","society/history","planned","fresh-gameplay-evidence-pending","D09/D10; U02 provenance; U03 identity; U04 for attacks","",""
"65","beacon-in-the-shadow-of-gyges","Beacon in the Shadow of Gyges","Culture, [[Civic]]s & [[Civilization]]","Have the option of committing an [[Atrocity]] and refuse for the entire set of [[Ages]] to do any morally damning acts.","S17, S02, S01","U06","narrative/campaign/persistence","planned","fresh-gameplay-evidence-pending","Explicit campaign boundary and offer/refusal history; U05","",""
"66","panthalassa","Panthalassa","Exploration","Uncover two completely unrelated [[Enclave]]s that share the same origin wound.","S10, S11","U02","world/civilization","planned","fresh-gameplay-evidence-pending","D07; U00; U01 availability","",""
"67","rhythmic-baking","Rhythmic Baking","Exploration","Uncover the first [[Magic Arts]] giving [[Civilization]] the ability of using [[Click Power]] in [[Ceremonial Arts]] to rhythmically play [[Symphony Card]]s of [[Spellweaving]] songs for higher [[Resources]] production.","S19 (click power is built)","U05","society/history","planned","fresh-gameplay-evidence-pending","D09/D10; U02 provenance; U03 identity; U04 for attacks","",""
"68","here-be-monsters","Here Be Monsters","Exploration","Uncover a ruined [[Landmark]] due to an [[Expedition]] that contains an [[Atonalis]] fight.","S07, S11, S20, S21","U04","combat/encounters","planned","fresh-gameplay-evidence-pending","D08/D10; U02 discovery; U03 foundations","",""
"69","do-not-answer","Do Not Answer","Exploration","Establish direct contact with an [[Outer God]]","S11, S23","U06","narrative/campaign/persistence","planned","fresh-gameplay-evidence-pending","D04-D08/D11/D12 as applicable; incremental campaign acceptance","",""
"70","crack-of-leitmotif","Crack of Leitmotif","[[Atonalis]] & [[Spellweaving]] Combat","Witness a [[Soul Leitmotif]] shatter into a [[Dissonance Core]]","S21, S13","U04","combat/encounters","planned","fresh-gameplay-evidence-pending","D08/D10; U02 discovery; U03 foundations","",""
"71","parasitic-resonance","Parasitic Resonance","[[Atonalis]] & [[Spellweaving]] Combat","Fight the feeding process of an [[Atonalis]] during [[Spellweaving]] combat","S20, S21","U04","combat/encounters","planned","fresh-gameplay-evidence-pending","D08/D10; U02 discovery; U03 foundations","",""
"72","a-chinese-room-of-hunger","A Chinese Room of Hunger","[[Atonalis]] & [[Spellweaving]] Combat","Witness any shapeshifting [[Atonalis]] successfully mimic a deceased [[Legend]], deceiving a second [[Legend]] into trusting them before feeding.","S21, S13, S14","U04","combat/encounters","planned","fresh-gameplay-evidence-pending","D08/D10; U02 discovery; U03 foundations","",""
"73","chekhov-s-resonance","Chekhov's Resonance","[[Atonalis]] & [[Spellweaving]] Combat","Have [[Spellweaving]] [[Chord Layering]] turn to [[Discordant Interference]] by leaving several [[Minor Note]]s unresolved in the Visualization phase of [[Spellweaving]] combat","S20","U04","combat/encounters","planned","fresh-gameplay-evidence-pending","D08/D10; U02 discovery; U03 foundations","",""
"74","zeno-s-crescendo","Zeno's Crescendo","[[Atonalis]] & [[Spellweaving]] Combat","Attempt to resolve [[Discordant Interference]] in [[Spellweaving]] [[Chord Layering]] through incremental corrections until the spell finally collapses","S20","U04","combat/encounters","planned","fresh-gameplay-evidence-pending","D08/D10; U02 discovery; U03 foundations","",""
"75","arcanoria-moment-37","Arcanoria Moment 37","[[Atonalis]] & [[Spellweaving]] Combat","Cancel the [[Chord Layering]] stack of an enemy spell loaded with 15 or more [[Minor Note]]s during the Abjuration phase of [[Spellweaving]] combat while scoring Perfect in every single note.","S20","U04","combat/encounters","planned","fresh-gameplay-evidence-pending","D08/D10; U02 discovery; U03 foundations","",""
"76","fiat-resonantia","Fiat Resonantia","[[Atonalis]] & [[Spellweaving]] Combat","Vanquish a [[Primal Discordia]]","S20, S21","U04","combat/encounters","planned","fresh-gameplay-evidence-pending","D08/D10; U02 discovery; U03 foundations","",""
"77","potemkin-buster","Potemkin Buster","[[Atonalis]] & [[Spellweaving]] Combat","Cancel a [[Chord Layering]] stack of an enemy spell that should've inflicted more than 70% of the [[Composure]] of a unit with a single defensive [[Symphony Card]].","S20","U04","combat/encounters","planned","fresh-gameplay-evidence-pending","D08/D10; U02 discovery; U03 foundations","",""
"78","this-is-gateway-to-genesis","This is Gateway To Genesis","[[Atonalis]] & [[Spellweaving]] Combat","Lose all of your [[Divination Arts]] and [[Prophetical Arts]] attempts on the same [[Spellweaving]] fight against an [[Atonalis]].","S20, S19","U04","combat/encounters","planned","fresh-gameplay-evidence-pending","U05/S19 foresight capability; U04 fight trace; at least one attempt; never vacuous all-failed","",""
"79","veni-vidi-vici","Veni, Vidi, Vici","[[Atonalis]] & [[Spellweaving]] Combat","Achieve a Mythical Victory by manually winning a [[Spellweaving]] combat that was destined to fail","S20","U04","combat/encounters","planned","fresh-gameplay-evidence-pending","D08/D10; U02 discovery; U03 foundations","",""
"80","petals-of-creation","Petals of Creation","[[Atonalis]] & [[Spellweaving]] Combat","Obtain a [[Rose Seed]] from an [[Ascendant]] or higher tier of [[Atonalis]]","S21","U04","combat/encounters","planned","fresh-gameplay-evidence-pending","D08/D10; U02 discovery; U03 foundations","",""
"81","elegy-of-a-rose-seed","Elegy of a Rose Seed","[[Atonalis]] & [[Spellweaving]] Combat","Liberate the [[Soul-Key]] of a [[Legend]] you personally knew in life after vanquishing their [[Atonalis]] form","S21, S13, S20","U04","combat/encounters","planned","fresh-gameplay-evidence-pending","D08/D10; U02 discovery; U03 foundations","",""
"82","fated-flowers-for-algernon","Fated Flowers for Algernon","[[Atonalis]] & [[Spellweaving]] Combat","Plant the [[Rose Seed]] of a [[Fracted]] [[Atonalis]], along with the trigger object that caused its fracture, after it was vanquished by the same [[Legend]] that pushed its evolution from [[Sectile]] to [[Fracted]].","S21, S13","U04","combat/encounters","planned","fresh-gameplay-evidence-pending","D08/D10; U02 discovery; U03 foundations","",""
"83","the-song-from-halfway-down","The Song From Halfway Down","[[Atonalis]] & [[Spellweaving]] Combat","Immortalize the last words of a [[Legend]] who became an [[Atonalis]], said between the moment of the crack of the [[Soul Leitmotif]], and the birth of a [[Dissonance]] Cocoon","S21, S13","U04","combat/encounters","planned","fresh-gameplay-evidence-pending","D08/D10; U02 discovery; U03 foundations","",""
"84","kojeve-s-winged-blindfold","Kojève's Winged Blindfold","[[World Event]]s & [[Age Crisis]]","Witness [[Lacrimosa]]'s [[Resonance]] [[Motif Awakening]]","S23","U06","narrative/campaign/persistence","planned","fresh-gameplay-evidence-pending","D04-D08/D11/D12 as applicable; incremental campaign acceptance","",""
"85","history-is-written-by-the-victors","History is Written by the Victors","[[World Event]]s & [[Age Crisis]]","Become a [[Major Actor]] in a [[World Event]]","S15","U06","narrative/campaign/persistence","planned","fresh-gameplay-evidence-pending","D04-D08/D11/D12 as applicable; incremental campaign acceptance","",""
"86","across-the-sea-to-the-land-beyond","Across the Sea, to the Land Beyond","[[World Event]]s & [[Age Crisis]]","Uncover the story of [[Mira]]","S15, S23","U06","narrative/campaign/persistence","planned","fresh-gameplay-evidence-pending","D04-D08/D11/D12 as applicable; incremental campaign acceptance","",""
"87","but-it-refused","But It Refused","[[World Event]]s & [[Age Crisis]]","Reclaim your position as a [[Major Actor]] after being cast out of the [[Fate Stage]]","S15","U06","narrative/campaign/persistence","planned","fresh-gameplay-evidence-pending","D04-D08/D11/D12 as applicable; incremental campaign acceptance","",""
"88","we-are-atonalis","We Are Atonalis","[[Memory Field]]s and [[Scorching Truth]]s","Discover the origin of the [[Atonalis]]","S22","U06","narrative/campaign/persistence","planned","fresh-gameplay-evidence-pending","D04-D08/D11/D12 as applicable; incremental campaign acceptance","",""
"89","the-truth-of-arcanoria","The Truth of Arcanoria","[[Memory Field]]s and [[Scorching Truth]]s","Uncover [[The Truth of Arcanoria]]","S22","U06","narrative/campaign/persistence","planned","fresh-gameplay-evidence-pending","D04-D08/D11/D12 as applicable; incremental campaign acceptance","",""
"90","searing-compendium","Searing Compendium","[[Memory Field]]s and [[Scorching Truth]]s","Uncover all the [[Scorching Truth]]s","S22","U06","narrative/campaign/persistence","planned","fresh-gameplay-evidence-pending","D04-D08/D11/D12 as applicable; incremental campaign acceptance","",""
"91","a-fragile-miracle","A Fragile Miracle","The [[Sonata]] of [[Arcanoria]]","Trigger any of the Alternate Endings of [[The Hollowing]]","S23, S15","U06","narrative/campaign/persistence","planned","fresh-gameplay-evidence-pending","D04-D08/D11/D12 as applicable; incremental campaign acceptance","",""
"92","for-the-moon","For the Moon!","The [[Sonata]] of [[Arcanoria]]","Win the Crusades for the [[Silver Blood]] in [[Ages]] V","S23, S02","U06","narrative/campaign/persistence","planned","fresh-gameplay-evidence-pending","D04-D08/D11/D12 as applicable; incremental campaign acceptance","",""
"93","for-the-sovereign","For The Sovereign!","The [[Sonata]] of [[Arcanoria]]","Win the Crusades for the [[Auric Aria]] in [[Ages]] V","S23, S02","U06","narrative/campaign/persistence","planned","fresh-gameplay-evidence-pending","D04-D08/D11/D12 as applicable; incremental campaign acceptance","",""
"94","parlor-of-the-moon","Parlor of the Moon","The [[Sonata]] of [[Arcanoria]]","Create the first tether of Auric and Selenic [[World-Bending Relics]] to the [[Moon]]","S23","U06","narrative/campaign/persistence","planned","fresh-gameplay-evidence-pending","D04-D08/D11/D12 as applicable; incremental campaign acceptance","",""
"95","the-singer-of-paradise","The Singer of Paradise","The [[Sonata]] of [[Arcanoria]]","Conclude the [[Sonata]] of Interwoven Threads of Gold and Silver","S23","U06","narrative/campaign/persistence","planned","fresh-gameplay-evidence-pending","D04-D08/D11/D12 as applicable; incremental campaign acceptance","",""
"96","the-purest-of-all-love","The Purest of All Love","The [[Sonata]] of [[Arcanoria]]","Wish for the End of the Third Actor","S23","U06","narrative/campaign/persistence","direct-profile-only","fresh-gameplay-evidence-pending","D04 ending labels; existing sacrifice award is not a playable finale","SaveSession.Sacrifice merges it into the lifetime profile directly (no world ledger, no toast); final story unauthored","SaveTests.SacrificeCommitsRetirementBeforeRemovingCopiesAndRestoredCopiesKeepTheEndingActive"
"97","gateway-to-genesis","Gateway To Genesis","The [[Sonata]] of [[Arcanoria]]","100% [[Gateway To Genesis]] and Wish for the End of the Third Actor","every system","U06","narrative/campaign/persistence","planned","fresh-gameplay-evidence-pending","D04/D11; versioned denominator excludes self; exclusive branches and lifetime scope","",""
