"section","sourceLine","group","ticket","status","implementation","verification","remaining"
"Composition Before Performance","21","Composition Before Performance","01-02,10","runtime; native pending","BattleCompositionLogic.cs; BattleEncounter.cs","BattleCompositionTests; BattleEncounterTests","Native presentation, playable scenarios and authored content validation"
"The Inputs of the Score","27","Composition Before Performance","01-02,10","runtime; native pending","BattleCompositionLogic.cs; BattleEncounter.cs","BattleCompositionTests; BattleEncounterTests","Native presentation, playable scenarios and authored content validation"
"One Battle State, Two Ways to Conduct It","39","Composition Before Performance","01-02,10","runtime; native pending","BattleCompositionLogic.cs; BattleEncounter.cs","BattleCompositionTests; BattleEncounterTests","Native presentation, playable scenarios and authored content validation"
"The Three Conditions of Battle","49","The Three Conditions of Battle","01,03","runtime; native pending","CombatModel.cs; BattleResolver.Spatial.cs","BattleSpatialCombatTests; CombatTests","Native presentation, playable scenarios and authored content validation"
"Integrity — The Body","69","The Three Conditions of Battle","01,03","runtime; native pending","CombatModel.cs; BattleResolver.Spatial.cs","BattleSpatialCombatTests; CombatTests","Native presentation, playable scenarios and authored content validation"
"A Fighting System, Not a Health Bar","77","The Three Conditions of Battle","01,03","runtime; native pending","CombatModel.cs; BattleResolver.Spatial.cs","BattleSpatialCombatTests; CombatTests","Native presentation, playable scenarios and authored content validation"
"The Elemental Harmonic Circle","92","The Three Conditions of Battle","01,03","runtime; native pending","CombatModel.cs; BattleResolver.Spatial.cs","BattleSpatialCombatTests; CombatTests","Native presentation, playable scenarios and authored content validation"
"The Three Scales of Composure","116","The Three Scales of Composure","07","runtime; native pending","BattleCrisisLogic.cs; BattleResolver.Crisis.cs; BattleResolver.cs; BattleResolver.Movement.cs; ComposureRules.cs","BattleCrisisTests (38 cases); BattleSurvivalTests; BattleRhythmTests","Native crisis presentation and playable scenarios; Soul-Key Refusal cards and Sacrifice-empowered compulsions belong to other open sections; numbers are proposals"
"Persistent [[Legend]] [[Composure]]","122","The Three Scales of Composure","07","runtime; native pending","BattleCrisisLogic.cs; BattleResolver.Crisis.cs; BattleResolver.cs; BattleResolver.Movement.cs; ComposureRules.cs","BattleCrisisTests (38 cases); BattleSurvivalTests; BattleRhythmTests","Native crisis presentation and playable scenarios; Soul-Key Refusal cards and Sacrifice-empowered compulsions belong to other open sections; numbers are proposals"
"Individual Battle Composure","134","The Three Scales of Composure","07","runtime; native pending","BattleCrisisLogic.cs; BattleResolver.Crisis.cs; BattleResolver.cs; BattleResolver.Movement.cs; ComposureRules.cs","BattleCrisisTests (38 cases); BattleSurvivalTests; BattleRhythmTests","Native crisis presentation and playable scenarios; Soul-Key Refusal cards and Sacrifice-empowered compulsions belong to other open sections; numbers are proposals"
"Formation [[Composure]] — Morale","149","The Three Scales of Composure","07","runtime; native pending","BattleCrisisLogic.cs; BattleResolver.Crisis.cs; BattleResolver.cs; BattleResolver.Movement.cs; ComposureRules.cs","BattleCrisisTests (38 cases); BattleSurvivalTests; BattleRhythmTests","Native crisis presentation and playable scenarios; Soul-Key Refusal cards and Sacrifice-empowered compulsions belong to other open sections; numbers are proposals"
"Mind Break","159","The Three Scales of Composure","07","runtime; native pending","BattleCrisisLogic.cs; BattleResolver.Crisis.cs; BattleResolver.cs; BattleResolver.Movement.cs; ComposureRules.cs","BattleCrisisTests (38 cases); BattleSurvivalTests; BattleRhythmTests","Native crisis presentation and playable scenarios; Soul-Key Refusal cards and Sacrifice-empowered compulsions belong to other open sections; numbers are proposals"
"Capture and Subjugation","170","Capture and Subjugation","08","runtime; native pending","BattleResolver.Survival.cs; WorldSystem.Battles.cs","BattleSurvivalTests; WorldBattleTests","Native presentation, playable scenarios and authored content validation"
"Combat Scale","180","Combat Scale","02,08,10","runtime; native pending","BattleCompositionLogic.cs; BattleSurvivalLogic.cs; BattleLossBurden.cs","BattleCompositionTests; BattleEncounterTests; ConscriptionTests","Native playable scenarios across all five scale bands and frame/memory performance"
"Asymmetric Casualty Significance","196","Combat Scale","02,08,10","runtime; native pending","BattleCompositionLogic.cs; BattleSurvivalLogic.cs; BattleLossBurden.cs","BattleCompositionTests; BattleEncounterTests; ConscriptionTests","Native playable scenarios across all five scale bands and frame/memory performance"
"The Battlefield","202","The Battlefield","01,03","runtime; native pending","BattleSpatialState.cs; BattleSpatialRules.cs; BattleResolver.Movement.cs","BattleSpatialStateTests; BattleSpatialCombatTests; BattleMeasureTests","Native presentation, playable scenarios and authored content validation"
"Why Neutral Ground Matters","229","The Battlefield","01,03","runtime; native pending","BattleSpatialState.cs; BattleSpatialRules.cs; BattleResolver.Movement.cs","BattleSpatialStateTests; BattleSpatialCombatTests; BattleMeasureTests","Native presentation, playable scenarios and authored content validation"
"Spatial Adjacency","243","The Battlefield","01,03","runtime; native pending","BattleSpatialState.cs; BattleSpatialRules.cs; BattleResolver.Movement.cs","BattleSpatialStateTests; BattleSpatialCombatTests; BattleMeasureTests","Native presentation, playable scenarios and authored content validation"
"Rank Proximity","251","The Battlefield","01,03","runtime; native pending","BattleSpatialState.cs; BattleSpatialRules.cs; BattleResolver.Movement.cs","BattleSpatialStateTests; BattleSpatialCombatTests; BattleMeasureTests","Native presentation, playable scenarios and authored content validation"
"Stacking","263","The Battlefield","01,03","runtime; native pending","BattleSpatialState.cs; BattleSpatialRules.cs; BattleResolver.Movement.cs","BattleSpatialStateTests; BattleSpatialCombatTests; BattleMeasureTests","Native presentation, playable scenarios and authored content validation"
"Skirmish and Forced Retreat","269","The Battlefield","01,03","runtime; native pending","BattleSpatialState.cs; BattleSpatialRules.cs; BattleResolver.Movement.cs","BattleSpatialStateTests; BattleSpatialCombatTests; BattleMeasureTests","Native presentation, playable scenarios and authored content validation"
"Encirclement","285","The Battlefield","01,03","runtime; native pending","BattleSpatialState.cs; BattleSpatialRules.cs; BattleResolver.Movement.cs","BattleSpatialStateTests; BattleSpatialCombatTests; BattleMeasureTests","Native presentation, playable scenarios and authored content validation"
"Stance","293","Stance","02-03","runtime; native pending","BattleDeploymentLogic.cs; BattleResolver.Spatial.cs","BattleCompositionTests; BattleSpatialCombatTests","Native presentation, playable scenarios and authored content validation"
"Spearhead — >","299","Stance","02-03","runtime; native pending","BattleDeploymentLogic.cs; BattleResolver.Spatial.cs","BattleCompositionTests; BattleSpatialCombatTests","Native presentation, playable scenarios and authored content validation"
"Line — |","306","Stance","02-03","runtime; native pending","BattleDeploymentLogic.cs; BattleResolver.Spatial.cs","BattleCompositionTests; BattleSpatialCombatTests","Native presentation, playable scenarios and authored content validation"
"Crescent — <","313","Stance","02-03","runtime; native pending","BattleDeploymentLogic.cs; BattleResolver.Spatial.cs","BattleCompositionTests; BattleSpatialCombatTests","Native presentation, playable scenarios and authored content validation"
"The Stance Triangle","320","Stance","02-03","runtime; native pending","BattleDeploymentLogic.cs; BattleResolver.Spatial.cs","BattleCompositionTests; BattleSpatialCombatTests","Native presentation, playable scenarios and authored content validation"
"Deployment — The Initial Advance","336","Stance","02-03","runtime; native pending","BattleDeploymentLogic.cs; BattleResolver.Spatial.cs","BattleCompositionTests; BattleSpatialCombatTests","Native presentation, playable scenarios and authored content validation"
"Stance in Auto-Resolve and Manual Combat","344","Stance","02-03","runtime; native pending","BattleDeploymentLogic.cs; BattleResolver.Spatial.cs","BattleCompositionTests; BattleSpatialCombatTests","Native presentation, playable scenarios and authored content validation"
"Stance Break","357","Stance","02-03","runtime; native pending","BattleDeploymentLogic.cs; BattleResolver.Spatial.cs","BattleCompositionTests; BattleSpatialCombatTests","Native presentation, playable scenarios and authored content validation"
"Stance and Panic","369","Stance","02-03","runtime; native pending","BattleDeploymentLogic.cs; BattleResolver.Spatial.cs","BattleCompositionTests; BattleSpatialCombatTests","Native presentation, playable scenarios and authored content validation"
"Terrain","377","Terrain","02-03","runtime; native pending","BattleTerrainLogic.cs; BattleSpatialRules.cs","BattleCompositionTests; BattleSpatialCombatTests","Native presentation, playable scenarios and authored content validation"
"Terrain and Auto-Resolve","393","Terrain","02-03","runtime; native pending","BattleTerrainLogic.cs; BattleSpatialRules.cs","BattleCompositionTests; BattleSpatialCombatTests","Native presentation, playable scenarios and authored content validation"
"The Elite Core","403","The Elite Core","02,07-08","runtime; native pending","SymphonyDecks.cs; BattleResolver.Crisis.cs; BattleResolver.Survival.cs","ConscriptionTests; BattleSurvivalTests","Native presentation, playable scenarios and authored content validation"
"The Battle Within the Battle","409","The Elite Core","02,07-08","runtime; native pending","SymphonyDecks.cs; BattleResolver.Crisis.cs; BattleResolver.Survival.cs","ConscriptionTests; BattleSurvivalTests","Native presentation, playable scenarios and authored content validation"
"Collapse of the Elite Core","419","The Elite Core","02,07-08","runtime; native pending","SymphonyDecks.cs; BattleResolver.Crisis.cs; BattleResolver.Survival.cs","ConscriptionTests; BattleSurvivalTests","Native presentation, playable scenarios and authored content validation"
"Battle Conductors","425","Battle Conductors","07","runtime; native pending","BattleCrisisLogic.cs; BattleResolver.Crisis.cs; BattleResolver.cs; BattleResolver.Movement.cs; ComposureRules.cs","BattleCrisisTests (38 cases); BattleSurvivalTests; BattleRhythmTests","Native crisis presentation and playable scenarios; Soul-Key Refusal cards and Sacrifice-empowered compulsions belong to other open sections; numbers are proposals"
"Conductor Mind Break","444","Battle Conductors","07","runtime; native pending","BattleCrisisLogic.cs; BattleResolver.Crisis.cs; BattleResolver.cs; BattleResolver.Movement.cs; ComposureRules.cs","BattleCrisisTests (38 cases); BattleSurvivalTests; BattleRhythmTests","Native crisis presentation and playable scenarios; Soul-Key Refusal cards and Sacrifice-empowered compulsions belong to other open sections; numbers are proposals"
"The Temporal Economy — The Four-Beat Measure","456","The Temporal Economy — The Four-Beat Measure","04","runtime; native pending","BattleMeasureLogic.cs; BattleResolver.Measure.cs; BattleResolver.Run.cs","BattleMeasureTests; BattleChordTests","Native presentation, playable scenarios and authored content validation"
"The Beat and the Measure","460","The Temporal Economy — The Four-Beat Measure","04","runtime; native pending","BattleMeasureLogic.cs; BattleResolver.Measure.cs; BattleResolver.Run.cs","BattleMeasureTests; BattleChordTests","Native presentation, playable scenarios and authored content validation"
"A Beat Is Not a Turn","470","The Temporal Economy — The Four-Beat Measure","04","runtime; native pending","BattleMeasureLogic.cs; BattleResolver.Measure.cs; BattleResolver.Run.cs","BattleMeasureTests; BattleChordTests","Native presentation, playable scenarios and authored content validation"
"The Anatomy of a Measure","478","The Temporal Economy — The Four-Beat Measure","04","runtime; native pending","BattleMeasureLogic.cs; BattleResolver.Measure.cs; BattleResolver.Run.cs","BattleMeasureTests; BattleChordTests","Native presentation, playable scenarios and authored content validation"
"The Shape of the Four Beats","495","The Temporal Economy — The Four-Beat Measure","04","runtime; native pending","BattleMeasureLogic.cs; BattleResolver.Measure.cs; BattleResolver.Run.cs","BattleMeasureTests; BattleChordTests","Native presentation, playable scenarios and authored content validation"
"Tracks, Notes and the Score","506","The Temporal Economy — The Four-Beat Measure","04","runtime; native pending","BattleMeasureLogic.cs; BattleResolver.Measure.cs; BattleResolver.Run.cs","BattleMeasureTests; BattleChordTests","Native presentation, playable scenarios and authored content validation"
"Countdown Counters","523","The Temporal Economy — The Four-Beat Measure","04","runtime; native pending","BattleMeasureLogic.cs; BattleResolver.Measure.cs; BattleResolver.Run.cs","BattleMeasureTests; BattleChordTests","Native presentation, playable scenarios and authored content validation"
"The Redraw Bell","527","The Temporal Economy — The Four-Beat Measure","04","runtime; native pending","BattleMeasureLogic.cs; BattleResolver.Measure.cs; BattleResolver.Run.cs","BattleMeasureTests; BattleChordTests","Native presentation, playable scenarios and authored content validation"
"Tempo and Syncopation","539","The Temporal Economy — The Four-Beat Measure","04","runtime; native pending","BattleMeasureLogic.cs; BattleResolver.Measure.cs; BattleResolver.Run.cs","BattleMeasureTests; BattleChordTests","Native presentation, playable scenarios and authored content validation"
"Deterministic Danger, Probabilistic Tools","554","The Temporal Economy — The Four-Beat Measure","04","runtime; native pending","BattleMeasureLogic.cs; BattleResolver.Measure.cs; BattleResolver.Run.cs","BattleMeasureTests; BattleChordTests","Native presentation, playable scenarios and authored content validation"
"Movement and Contact","572","Movement and Contact","03-04","runtime; native pending","BattleResolver.Movement.cs; BattleResolver.Reactions.cs","BattleMeasureTests; BattleSpatialCombatTests; BattleChordTests","Native presentation, playable scenarios and authored content validation"
"Pace and Steps","576","Movement and Contact","03-04","runtime; native pending","BattleResolver.Movement.cs; BattleResolver.Reactions.cs","BattleMeasureTests; BattleSpatialCombatTests; BattleChordTests","Native presentation, playable scenarios and authored content validation"
"Footing — Moving While Casting","592","Movement and Contact","03-04","runtime; native pending","BattleResolver.Movement.cs; BattleResolver.Reactions.cs","BattleMeasureTests; BattleSpatialCombatTests; BattleChordTests","Native presentation, playable scenarios and authored content validation"
"Exceptional Movement","606","Movement and Contact","03-04","runtime; native pending","BattleResolver.Movement.cs; BattleResolver.Reactions.cs","BattleMeasureTests; BattleSpatialCombatTests; BattleChordTests","Native presentation, playable scenarios and authored content validation"
"Simultaneous Resolution","618","Movement and Contact","03-04","runtime; native pending","BattleResolver.Movement.cs; BattleResolver.Reactions.cs","BattleMeasureTests; BattleSpatialCombatTests; BattleChordTests","Native presentation, playable scenarios and authored content validation"
"Engagement and Skirmish Attrition","637","Movement and Contact","03-04","runtime; native pending","BattleResolver.Movement.cs; BattleResolver.Reactions.cs","BattleMeasureTests; BattleSpatialCombatTests; BattleChordTests","Native presentation, playable scenarios and authored content validation"
"Interception and Overwatch","650","Movement and Contact","03-04","runtime; native pending","BattleResolver.Movement.cs; BattleResolver.Reactions.cs","BattleMeasureTests; BattleSpatialCombatTests; BattleChordTests","Native presentation, playable scenarios and authored content validation"
"Example — Five Turns of Walking, Removed","654","Movement and Contact","03-04","runtime; native pending","BattleResolver.Movement.cs; BattleResolver.Reactions.cs","BattleMeasureTests; BattleSpatialCombatTests; BattleChordTests","Native presentation, playable scenarios and authored content validation"
"Visualization and Enemy Intent","671","Visualization and Enemy Intent","04,10","partial","BattleResolver.Intent.cs; BattleIntentReading.cs; BattleResolver.Visualization.cs","BattleEncounterTests; BattleMeasureTests","Weak-point/pivot precision, disguised Core reconstruction, future/genuine-feint projections and Sacrifice disclosure remain"
"Rehearsal","687","Visualization and Enemy Intent","04,10","partial","BattleResolver.Intent.cs; BattleIntentReading.cs; BattleResolver.Visualization.cs","BattleEncounterTests; BattleMeasureTests","Weak-point/pivot precision, disguised Core reconstruction, future/genuine-feint projections and Sacrifice disclosure remain"
"Intent Is Certain. Tactics Are Not.","693","Visualization and Enemy Intent","04,10","partial","BattleResolver.Intent.cs; BattleIntentReading.cs; BattleResolver.Visualization.cs","BattleEncounterTests; BattleMeasureTests","Weak-point/pivot precision, disguised Core reconstruction, future/genuine-feint projections and Sacrifice disclosure remain"
"Clarity — Luminance and the Seer","707","Visualization and Enemy Intent","04,10","partial","BattleResolver.Intent.cs; BattleIntentReading.cs; BattleResolver.Visualization.cs","BattleEncounterTests; BattleMeasureTests","Weak-point/pivot precision, disguised Core reconstruction, future/genuine-feint projections and Sacrifice disclosure remain"
"Veils and Obfuscation","725","Visualization and Enemy Intent","04,10","partial","BattleResolver.Intent.cs; BattleIntentReading.cs; BattleResolver.Visualization.cs","BattleEncounterTests; BattleMeasureTests","Weak-point/pivot precision, disguised Core reconstruction, future/genuine-feint projections and Sacrifice disclosure remain"
"Reactions and Cascade Chains","737","Visualization and Enemy Intent","04,10","partial","BattleResolver.Intent.cs; BattleIntentReading.cs; BattleResolver.Visualization.cs","BattleEncounterTests; BattleMeasureTests","Weak-point/pivot precision, disguised Core reconstruction, future/genuine-feint projections and Sacrifice disclosure remain"
"Symphony Cards","749","Symphony Cards","02,05,09","runtime; native pending","CombatCard.cs; SymphonyDecks.cs; SymphonyCards.cs","SymphonyTests; BattlePollutionTests","Native presentation, playable scenarios and authored content validation"
"[[Symphony Card]] Functions","757","Symphony Cards","02,05,09","runtime; native pending","CombatCard.cs; SymphonyDecks.cs; SymphonyCards.cs","SymphonyTests; BattlePollutionTests","Native presentation, playable scenarios and authored content validation"
"Sources of the Deck","767","Symphony Cards","02,05,09","runtime; native pending","CombatCard.cs; SymphonyDecks.cs; SymphonyCards.cs","SymphonyTests; BattlePollutionTests","Native presentation, playable scenarios and authored content validation"
"Reading a Card in Time","779","Symphony Cards","02,05,09","runtime; native pending","CombatCard.cs; SymphonyDecks.cs; SymphonyCards.cs","SymphonyTests; BattlePollutionTests","Native presentation, playable scenarios and authored content validation"
"[[Chord Layering]]","790","[[Chord Layering]]","05","runtime; native pending","BattleChordLogic.cs; BattleResolver.Chords.cs; BattleResolver.Measure.cs","BattleChordTests; BattleMeasureTests","Native presentation, playable scenarios and authored content validation"
"The [[Major Note]] — The Core","798","[[Chord Layering]]","05","runtime; native pending","BattleChordLogic.cs; BattleResolver.Chords.cs; BattleResolver.Measure.cs","BattleChordTests; BattleMeasureTests","Native presentation, playable scenarios and authored content validation"
"[[Minor Note]]s — [[Ornament]]s Around the Core","806","[[Chord Layering]]","05","runtime; native pending","BattleChordLogic.cs; BattleResolver.Chords.cs; BattleResolver.Measure.cs","BattleChordTests; BattleMeasureTests","Native presentation, playable scenarios and authored content validation"
"Chords in Time","822","[[Chord Layering]]","05","runtime; native pending","BattleChordLogic.cs; BattleResolver.Chords.cs; BattleResolver.Measure.cs","BattleChordTests; BattleMeasureTests","Native presentation, playable scenarios and authored content validation"
"Example Chord: Piercing Charge","840","[[Chord Layering]]","05","runtime; native pending","BattleChordLogic.cs; BattleResolver.Chords.cs; BattleResolver.Measure.cs","BattleChordTests; BattleMeasureTests","Native presentation, playable scenarios and authored content validation"
"Commitment and [[Discordant Interference]]","852","[[Chord Layering]]","05","runtime; native pending","BattleChordLogic.cs; BattleResolver.Chords.cs; BattleResolver.Measure.cs","BattleChordTests; BattleMeasureTests","Native presentation, playable scenarios and authored content validation"
"The Hold Limit","870","[[Chord Layering]]","05","runtime; native pending","BattleChordLogic.cs; BattleResolver.Chords.cs; BattleResolver.Measure.cs","BattleChordTests; BattleMeasureTests","Native presentation, playable scenarios and authored content validation"
"Collapse — The Universe Resolves It With Your Own Units","902","[[Chord Layering]]","05","runtime; native pending","BattleChordLogic.cs; BattleResolver.Chords.cs; BattleResolver.Measure.cs","BattleChordTests; BattleMeasureTests","Native presentation, playable scenarios and authored content validation"
"Linked Workings — The Resolution Guarantee","913","[[Chord Layering]]","05","partial","BattleChordLogic.cs; BattleResolver.Chords.cs; BattleResolver.Measure.cs","BattleChordTests; BattleMeasureTests","Hold/Ensembles/Suspension implemented; full cross-working resolution guarantee remains"
"Hyper Chords Across Measures","923","[[Chord Layering]]","05","runtime; native pending","BattleChordLogic.cs; BattleResolver.Chords.cs; BattleResolver.Measure.cs","BattleChordTests; BattleMeasureTests","Native presentation, playable scenarios and authored content validation"
"Silence as a Weapon","933","[[Chord Layering]]","05","runtime; native pending","BattleChordLogic.cs; BattleResolver.Chords.cs; BattleResolver.Measure.cs","BattleChordTests; BattleMeasureTests","Native presentation, playable scenarios and authored content validation"
"Tuning — Resonance Made Visible","950","Tuning — Resonance Made Visible","05-06","runtime; native pending","BattleMeasureLogic.cs; BattleResolver.Chords.cs; BattleResolver.Rhythm.cs","BattleChordTests; BattleRhythmTests","Native presentation, playable scenarios and authored content validation"
"Tuning States","954","Tuning — Resonance Made Visible","05-06","runtime; native pending","BattleMeasureLogic.cs; BattleResolver.Chords.cs; BattleResolver.Rhythm.cs","BattleChordTests; BattleRhythmTests","Sympathetic state, Tuning timing windows added; Resonant-only Ensemble leadership is not enforced; native presentation pending"
"Conductor Synchronization and Ensembles","971","Tuning — Resonance Made Visible","05-06","runtime; native pending","BattleMeasureLogic.cs; BattleResolver.Chords.cs; BattleResolver.Rhythm.cs","BattleChordTests; BattleRhythmTests","Native presentation, playable scenarios and authored content validation"
"Soul-Key Conflict — Override and Refusal","977","Tuning — Resonance Made Visible","05-06","partial","BattleMeasureLogic.cs; BattleResolver.Chords.cs; BattleResolver.Rhythm.cs","BattleChordTests; BattleRhythmTests","Full override/refusal semantics and authored conflict scenarios remain"
"Execution and Abjuration","990","Execution and Abjuration","06","runtime; native pending","BattleRhythmLogic.cs; BattleResolver.Rhythm.cs; BattlePerformancePlayer.cs","BattleRhythmTests; BattleRhythmPlayTests (compiled; native unrun)","Native presentation, playable scenarios and authored content validation"
"Execution — Performing the Four Beats","992","Execution and Abjuration","06","runtime; native pending","BattleRhythmLogic.cs; BattleResolver.Rhythm.cs; BattlePerformancePlayer.cs","BattleRhythmTests; BattleRhythmPlayTests (compiled; native unrun)","Native presentation, playable scenarios and authored content validation"
"Abjuration — One Answer per Measure","1010","Execution and Abjuration","06","runtime; native pending","BattleRhythmLogic.cs; BattleResolver.Rhythm.cs; BattlePerformancePlayer.cs","BattleRhythmTests; BattleRhythmPlayTests (compiled; native unrun)","Native presentation, playable scenarios and authored content validation"
"Tempo Fever — Crescendo and Resolution","1039","Tempo Fever — Crescendo and Resolution","06 extension","runtime; native pending","BattleTempoFever.cs; BattleResolver.Tempo.cs; BattleResolver.Chords.cs; BattleResolver.Rhythm.cs; BattleEncounterWindow.cs","BattleTempoTests (39 cases); BattleRhythmTests","Native audio/UI playback and playable Climax scenarios in a licensed Editor; numeric tuning is proposal"
"Igniting and Sustaining the Flow","1045","Tempo Fever — Crescendo and Resolution","06 extension","runtime; native pending","BattleTempoFever.cs; BattleResolver.Tempo.cs; BattleResolver.Chords.cs; BattleResolver.Rhythm.cs; BattleEncounterWindow.cs","BattleTempoTests (39 cases); BattleRhythmTests","Native audio/UI playback and playable Climax scenarios in a licensed Editor; numeric tuning is proposal"
"Tempo Crescendo — 25% to 55%","1075","Tempo Fever — Crescendo and Resolution","06 extension","runtime; native pending","BattleTempoFever.cs; BattleResolver.Tempo.cs; BattleResolver.Chords.cs; BattleResolver.Rhythm.cs; BattleEncounterWindow.cs","BattleTempoTests (39 cases); BattleRhythmTests","Native audio/UI playback and playable Climax scenarios in a licensed Editor; numeric tuning is proposal"
"Resolution Climax — 60% to 90%","1107","Tempo Fever — Crescendo and Resolution","06 extension","runtime; native pending","BattleTempoFever.cs; BattleResolver.Tempo.cs; BattleResolver.Chords.cs; BattleResolver.Rhythm.cs; BattleEncounterWindow.cs","BattleTempoTests (39 cases); BattleRhythmTests","Native audio/UI playback and playable Climax scenarios in a licensed Editor; numeric tuning is proposal"
"The Grand Resolution Chord — 90%","1154","Tempo Fever — Crescendo and Resolution","06 extension","runtime; native pending","BattleTempoFever.cs; BattleResolver.Tempo.cs; BattleResolver.Chords.cs; BattleResolver.Rhythm.cs; BattleEncounterWindow.cs","BattleTempoTests (39 cases); BattleRhythmTests","Native audio/UI playback and playable Climax scenarios in a licensed Editor; numeric tuning is proposal"
"The Progression","1174","Tempo Fever — Crescendo and Resolution","06 extension","runtime; native pending","BattleTempoFever.cs; BattleResolver.Tempo.cs; BattleResolver.Chords.cs; BattleResolver.Rhythm.cs; BattleEncounterWindow.cs","BattleTempoTests (39 cases); BattleRhythmTests","Native audio/UI playback and playable Climax scenarios in a licensed Editor; numeric tuning is proposal"
"Why the Fever Tests Mastery","1190","Tempo Fever — Crescendo and Resolution","06 extension","runtime; native pending","BattleTempoFever.cs; BattleResolver.Tempo.cs; BattleResolver.Chords.cs; BattleResolver.Rhythm.cs; BattleEncounterWindow.cs","BattleTempoTests (39 cases); BattleRhythmTests","Native audio/UI playback and playable Climax scenarios in a licensed Editor; numeric tuning is proposal"
"The Battle Takes Musical Form","1220","Tempo Fever — Crescendo and Resolution","06 extension","partial","BattleTempoFever.cs; BattleResolver.Tempo.cs; BattleResolver.Chords.cs; BattleResolver.Rhythm.cs; BattleEncounterWindow.cs","BattleTempoTests (39 cases); BattleRhythmTests","Cue thresholds exposed (MusicLayers) and shown; adaptive audio stems, Falter stumble and Primal White Noise rupture need authored audio and a native Editor"
"Performances Remembered","1236","Tempo Fever — Crescendo and Resolution","06 extension","runtime; native pending","BattleTempoFever.cs; BattleResolver.Tempo.cs; BattleResolver.Chords.cs; BattleResolver.Rhythm.cs; BattleEncounterWindow.cs","BattleTempoTests (39 cases); BattleRhythmTests","Recorded in BattleReport.resolutions and legend deeds; Stellar Legacy Score consumption and native presentation pending"
"The Measure — The Full Manual Combat Loop","1244","The Measure — The Full Manual Combat Loop","04-06","runtime; native pending","BattleResolver.Run.cs; BattleResolver.Measure.cs; BattleResolver.Rhythm.cs","BattleMeasureTests; BattleChordTests; BattleRhythmTests","Native presentation, playable scenarios and authored content validation"
"Inside Each Beat","1265","The Measure — The Full Manual Combat Loop","04-06","runtime; native pending","BattleResolver.Run.cs; BattleResolver.Measure.cs; BattleResolver.Rhythm.cs","BattleMeasureTests; BattleChordTests; BattleRhythmTests","Native presentation, playable scenarios and authored content validation"
"The Cadence","1278","The Measure — The Full Manual Combat Loop","04-06","runtime; native pending","BattleResolver.Run.cs; BattleResolver.Measure.cs; BattleResolver.Rhythm.cs","BattleMeasureTests; BattleChordTests; BattleRhythmTests","Native presentation, playable scenarios and authored content validation"
"Toll","1292","The Measure — The Full Manual Combat Loop","04-06","runtime; native pending","BattleResolver.Run.cs; BattleResolver.Measure.cs; BattleResolver.Rhythm.cs","BattleMeasureTests; BattleChordTests; BattleRhythmTests","Native presentation, playable scenarios and authored content validation"
"Assessment","1296","The Measure — The Full Manual Combat Loop","04-06","runtime; native pending","BattleResolver.Run.cs; BattleResolver.Measure.cs; BattleResolver.Rhythm.cs","BattleMeasureTests; BattleChordTests; BattleRhythmTests","Native presentation, playable scenarios and authored content validation"
"The Seven Bindings Across the Measure","1306","The Measure — The Full Manual Combat Loop","04-06","runtime; native pending","BattleResolver.Run.cs; BattleResolver.Measure.cs; BattleResolver.Rhythm.cs","BattleMeasureTests; BattleChordTests; BattleRhythmTests","Native presentation, playable scenarios and authored content validation"
"A Measure, Performed","1325","The Measure — The Full Manual Combat Loop","04-06","runtime; native pending","BattleResolver.Run.cs; BattleResolver.Measure.cs; BattleResolver.Rhythm.cs","BattleMeasureTests; BattleChordTests; BattleRhythmTests","Native presentation, playable scenarios and authored content validation"
"Mind Break and the Corrupted Hand","1359","Mind Break and the Corrupted Hand","07","runtime; native pending","BattleCrisisLogic.cs; BattleResolver.Crisis.cs; BattleResolver.cs; BattleResolver.Movement.cs; ComposureRules.cs","BattleCrisisTests (38 cases); BattleSurvivalTests; BattleRhythmTests","Native crisis presentation and playable scenarios; Soul-Key Refusal cards and Sacrifice-empowered compulsions belong to other open sections; numbers are proposals"
"Maladaptive [[Legend Trait]]s","1367","Mind Break and the Corrupted Hand","07","runtime; native pending","BattleCrisisLogic.cs; BattleResolver.Crisis.cs; BattleResolver.cs; BattleResolver.Movement.cs; ComposureRules.cs","BattleCrisisTests (38 cases); BattleSurvivalTests; BattleRhythmTests","Native crisis presentation and playable scenarios; Soul-Key Refusal cards and Sacrifice-empowered compulsions belong to other open sections; numbers are proposals"
"Power Through [[Emotional Authenticity]]","1380","Mind Break and the Corrupted Hand","07","runtime; native pending","BattleCrisisLogic.cs; BattleResolver.Crisis.cs; BattleResolver.cs; BattleResolver.Movement.cs; ComposureRules.cs","BattleCrisisTests (38 cases); BattleSurvivalTests; BattleRhythmTests","Native crisis presentation and playable scenarios; Soul-Key Refusal cards and Sacrifice-empowered compulsions belong to other open sections; numbers are proposals"
"Lethal Collateral and Spatial Chaos","1390","Mind Break and the Corrupted Hand","07","runtime; native pending","BattleCrisisLogic.cs; BattleResolver.Crisis.cs; BattleResolver.cs; BattleResolver.Movement.cs; ComposureRules.cs","BattleCrisisTests (38 cases); BattleSurvivalTests; BattleRhythmTests","Native crisis presentation and playable scenarios; Soul-Key Refusal cards and Sacrifice-empowered compulsions belong to other open sections; numbers are proposals"
"The Corroded Gambit","1409","Mind Break and the Corrupted Hand","07","runtime; native pending","BattleCrisisLogic.cs; BattleResolver.Crisis.cs; BattleResolver.cs; BattleResolver.Movement.cs; ComposureRules.cs","BattleCrisisTests (38 cases); BattleSurvivalTests; BattleRhythmTests","Native crisis presentation and playable scenarios; Soul-Key Refusal cards and Sacrifice-empowered compulsions belong to other open sections; numbers are proposals"
"Cathartic Cadenza","1419","Mind Break and the Corrupted Hand","07","runtime; native pending","BattleCrisisLogic.cs; BattleResolver.Crisis.cs; BattleResolver.cs; BattleResolver.Movement.cs; ComposureRules.cs","BattleCrisisTests (38 cases); BattleSurvivalTests; BattleRhythmTests","Native crisis presentation and playable scenarios; Soul-Key Refusal cards and Sacrifice-empowered compulsions belong to other open sections; numbers are proposals"
"Co-Regulation and the Heartbeat","1431","Mind Break and the Corrupted Hand","07","runtime; native pending","BattleCrisisLogic.cs; BattleResolver.Crisis.cs; BattleResolver.cs; BattleResolver.Movement.cs; ComposureRules.cs","BattleCrisisTests (38 cases); BattleSurvivalTests; BattleRhythmTests","Native crisis presentation and playable scenarios; Soul-Key Refusal cards and Sacrifice-empowered compulsions belong to other open sections; numbers are proposals"
"Sacrifice Choice — Offering to the Void","1447","Sacrifice Choice — Offering to the Void","extension","not implemented","None; existing Essence costs are a different rule","No implementation tests","Offering eligibility, irreversible body/resource/bond costs, world consequences and Original Eight miracles remain"
"Who May Offer","1451","Sacrifice Choice — Offering to the Void","extension","not implemented","None; existing Essence costs are a different rule","No implementation tests","Offering eligibility, irreversible body/resource/bond costs, world consequences and Original Eight miracles remain"
"The Offerings","1457","Sacrifice Choice — Offering to the Void","extension","not implemented","None; existing Essence costs are a different rule","No implementation tests","Offering eligibility, irreversible body/resource/bond costs, world consequences and Original Eight miracles remain"
"The World Still Exists Outside the Battle","1472","Sacrifice Choice — Offering to the Void","extension","not implemented","None; existing Essence costs are a different rule","No implementation tests","Offering eligibility, irreversible body/resource/bond costs, world consequences and Original Eight miracles remain"
"Miracles Against the Original Eight","1485","Sacrifice Choice — Offering to the Void","extension","not implemented","None; existing Essence costs are a different rule","No implementation tests","Offering eligibility, irreversible body/resource/bond costs, world consequences and Original Eight miracles remain"
"[[Death Knell]]","1498","[[Death Knell]]","08","runtime; native pending","BattleSurvivalLogic.cs; BattleResolver.Survival.cs; LegendData.cs","BattleSurvivalTests; ConscriptionTests","Native presentation, playable scenarios and authored content validation"
"[[Piety]] and Saving Grace","1511","[[Death Knell]]","08","runtime; native pending","BattleSurvivalLogic.cs; BattleResolver.Survival.cs; LegendData.cs","BattleSurvivalTests; ConscriptionTests","Native presentation, playable scenarios and authored content validation"
"Formation Casualties","1519","[[Death Knell]]","08","runtime; native pending","BattleSurvivalLogic.cs; BattleResolver.Survival.cs; LegendData.cs","BattleSurvivalTests; ConscriptionTests","Native presentation, playable scenarios and authored content validation"
"Status Pollution","1525","Status Pollution","09","runtime; native pending","BattleDeckEvolution.cs; BattleResolver.Pollution.cs; SymphonyCards.cs","BattlePollutionTests; BattleRhythmTests","Native presentation, playable scenarios and authored content validation"
"Status Builds","1545","Status Pollution","09","runtime; native pending","BattleDeckEvolution.cs; BattleResolver.Pollution.cs; SymphonyCards.cs","BattlePollutionTests; BattleRhythmTests","Native presentation, playable scenarios and authored content validation"
"[[Echoing Bonds]] in Battle","1558","[[Echoing Bonds]] in Battle","05,08","runtime; native pending","BattleResolver.Chords.cs; BattleResolver.Reactions.cs; BattleResolver.Survival.cs","BattleChordTests; BattleSurvivalTests; CombatTests","Native presentation, playable scenarios and authored content validation"
"Battlefield Attachment","1578","[[Echoing Bonds]] in Battle","05,08","runtime; native pending","BattleResolver.Chords.cs; BattleResolver.Reactions.cs; BattleResolver.Survival.cs","BattleChordTests; BattleSurvivalTests; CombatTests","Native presentation, playable scenarios and authored content validation"
"Retrying through [[Divination Arts]] & [[Prophetical Arts]]","1584","Retrying through [[Divination Arts]] & [[Prophetical Arts]]","09-10","runtime; native pending","BattlePremonitions.cs; BattleEncounter.cs; WorldSystem.BattleEncounters.cs","BattleEncounterTests; AchievementRegisterTests; ConscriptionTests","Late-game Register technologies, advanced slot grants, real boss content and native full campaign reload"
"Expedition Trauma and Deck Evolution","1599","Expedition Trauma and Deck Evolution","09","runtime; native pending","BattleDeckEvolution.cs; BattleResolver.Pollution.cs; BattleRecoveryWindow.cs; LegendProgress.Service.cs","BattlePollutionTests; BattleEncounterTests","Native presentation, playable scenarios and authored content validation"
"Field Alterations","1605","Expedition Trauma and Deck Evolution","09","runtime; native pending","BattleDeckEvolution.cs; BattleResolver.Pollution.cs; BattleRecoveryWindow.cs; LegendProgress.Service.cs","BattlePollutionTests; BattleEncounterTests","Native presentation, playable scenarios and authored content validation"
"Returning to [[Civilization]]","1618","Expedition Trauma and Deck Evolution","09","runtime; native pending","BattleDeckEvolution.cs; BattleResolver.Pollution.cs; BattleRecoveryWindow.cs; LegendProgress.Service.cs","BattlePollutionTests; BattleEncounterTests","Native presentation, playable scenarios and authored content validation"
"[[Legend Opus]] Adaptation","1631","Expedition Trauma and Deck Evolution","09","runtime; native pending","BattleDeckEvolution.cs; BattleResolver.Pollution.cs; BattleRecoveryWindow.cs; LegendProgress.Service.cs","BattlePollutionTests; BattleEncounterTests","Native presentation, playable scenarios and authored content validation"
"Auto-Resolution and Forecasts","1639","Auto-Resolution and Forecasts","10","runtime; native pending","BattleResolver.Symphony.cs; BattleVerdicts.cs; BattleEncounter.cs","BattleEncounterTests; BattleVerdictTests; SymphonyTests","Native presentation, playable scenarios and authored content validation"
"Manual Upsets","1666","Auto-Resolution and Forecasts","10","runtime; native pending","BattleResolver.Symphony.cs; BattleVerdicts.cs; BattleEncounter.cs","BattleEncounterTests; BattleVerdictTests; SymphonyTests","Native presentation, playable scenarios and authored content validation"
"Battle Verdicts and Loss Burden","1694","Battle Verdicts and Loss Burden","10","runtime; native pending","BattleLossBurden.cs; BattleResolver.Run.cs; WorldSystem.BattleEncounters.cs","BattleEncounterTests; BattleVerdictTests; AchievementRegisterTests","Scenario objective triggers, lasting equipment aftermath and native scale playtesting"
"Elite Casualties","1708","Battle Verdicts and Loss Burden","10","runtime; native pending","BattleLossBurden.cs; BattleResolver.Run.cs; WorldSystem.BattleEncounters.cs","BattleEncounterTests; BattleVerdictTests; AchievementRegisterTests","Scenario objective triggers, lasting equipment aftermath and native scale playtesting"
"Large Army Casualties","1714","Battle Verdicts and Loss Burden","10","runtime; native pending","BattleLossBurden.cs; BattleResolver.Run.cs; WorldSystem.BattleEncounters.cs","BattleEncounterTests; BattleVerdictTests; AchievementRegisterTests","Scenario objective triggers, lasting equipment aftermath and native scale playtesting"
"Victory and Defeat Categories","1718","Battle Verdicts and Loss Burden","10","runtime; native pending","BattleLossBurden.cs; BattleResolver.Run.cs; WorldSystem.BattleEncounters.cs","BattleEncounterTests; BattleVerdictTests; AchievementRegisterTests","Scenario objective triggers, lasting equipment aftermath and native scale playtesting"
"[[Mythical Victory]]","1726","Battle Verdicts and Loss Burden","10","runtime; native pending","BattleLossBurden.cs; BattleResolver.Run.cs; WorldSystem.BattleEncounters.cs","BattleEncounterTests; BattleVerdictTests; AchievementRegisterTests","Scenario objective triggers, lasting equipment aftermath and native scale playtesting"
"Balance Reference — Baseline Values","1738","Balance Reference — Baseline Values","01-10","proposed tuning; native pending","CombatSpecs.cs; BattleRhythmLogic.cs; BattleSurvivalLogic.cs; BattlePremonitions.cs","Focused combat suites","Unspecified numeric defaults remain proposals; native balance testing pending"
"The Design Principle","1774","The Design Principle","01-10","partial release validation","Shared BattleRun; BattleEncounter; campaign aftermath","427 passed; one native Resources skip","Documented design extensions, authored content and native release validation remain"
